{"bcn_options":{"bmainsite_display":false,"Hmainsite_template":"<span property=\"itemListElement\" typeof=\"ListItem\"><a property=\"item\" typeof=\"WebPage\" title=\"Go to %title%.\" href=\"%link%\" class=\"%type%\"><span property=\"name\">%htitle%<\/span><\/a><meta property=\"position\" content=\"%position%\"><\/span>","Hmainsite_template_no_anchor":"<span property=\"itemListElement\" typeof=\"ListItem\"><span property=\"name\">%htitle%<\/span><meta property=\"position\" content=\"%position%\"><\/span>","bhome_display":true,"Hhome_template":"<span typeof=\"v:Breadcrumb\"><a rel=\"v:url\" property=\"v:title\" title=\"Go to %title%.\" href=\"%link%\" class=\"%type%\">Home<\/a><\/span>","Hhome_template_no_anchor":"<span typeof=\"v:Breadcrumb\"><span property=\"v:title\">Home<\/span><\/span>","bblog_display":true,"Hblog_template":"<span property=\"itemListElement\" typeof=\"ListItem\"><a property=\"item\" typeof=\"WebPage\" title=\"Go to %title%.\" href=\"%link%\" class=\"%type%\"><span property=\"name\">%htitle%<\/span><\/a><meta property=\"position\" content=\"%position%\"><\/span>","Hblog_template_no_anchor":"<span property=\"itemListElement\" typeof=\"ListItem\"><span property=\"name\">%htitle%<\/span><meta property=\"position\" content=\"%position%\"><\/span>","hseparator":"<span><i class=\"fa fa-angle-right\"><\/i><\/span>","blimit_title":false,"amax_title_length":20,"bcurrent_item_linked":false,"Hpost_page_template":"<span property=\"itemListElement\" typeof=\"ListItem\"><a property=\"item\" typeof=\"WebPage\" title=\"Go to %title%.\" href=\"%link%\" class=\"%type%\"><span property=\"name\">%htitle%<\/span><\/a><meta property=\"position\" content=\"%position%\"><\/span>","Hpost_page_template_no_anchor":"<span property=\"itemListElement\" typeof=\"ListItem\"><span property=\"name\">%htitle%<\/span><meta property=\"position\" content=\"%position%\"><\/span>","apost_page_root":"2","Hpaged_template":"Page %htitle%","bpaged_display":false,"Hpost_post_template":"<span property=\"itemListElement\" typeof=\"ListItem\"><a property=\"item\" typeof=\"WebPage\" title=\"Go to %title%.\" href=\"%link%\" class=\"%type%\"><span property=\"name\">%htitle%<\/span><\/a><meta property=\"position\" content=\"%position%\"><\/span>","Hpost_post_template_no_anchor":"<span property=\"itemListElement\" typeof=\"ListItem\"><span property=\"name\">%htitle%<\/span><meta property=\"position\" content=\"%position%\"><\/span>","apost_post_root":"0","bpost_post_taxonomy_display":true,"Spost_post_taxonomy_type":"category","Hpost_attachment_template":"<span property=\"itemListElement\" typeof=\"ListItem\"><a property=\"item\" typeof=\"WebPage\" title=\"Go to %title%.\" href=\"%link%\" class=\"%type%\"><span property=\"name\">%htitle%<\/span><\/a><meta property=\"position\" content=\"%position%\"><\/span>","Hpost_attachment_template_no_anchor":"<span property=\"itemListElement\" typeof=\"ListItem\"><span property=\"name\">%htitle%<\/span><meta property=\"position\" content=\"%position%\"><\/span>","H404_template":"<span property=\"itemListElement\" typeof=\"ListItem\"><span property=\"name\">%htitle%<\/span><meta property=\"position\" content=\"%position%\"><\/span>","S404_title":"404","Hsearch_template":"Search results for '<a title=\"Go to the first page of search results for %title%.\" href=\"%link%\" class=\"%type%\">%htitle%<\/a>'","Hsearch_template_no_anchor":"Search results for '%htitle%'","Htax_post_tag_template":"<span property=\"itemListElement\" typeof=\"ListItem\"><a property=\"item\" typeof=\"WebPage\" title=\"Go to the %title% tag archives.\" href=\"%link%\" class=\"%type%\"><span property=\"name\">%htitle%<\/span><\/a><meta property=\"position\" content=\"%position%\"><\/span>","Htax_post_tag_template_no_anchor":"<span property=\"itemListElement\" typeof=\"ListItem\"><span property=\"name\">%htitle%<\/span><meta property=\"position\" content=\"%position%\"><\/span>","Htax_post_format_template":"<span property=\"itemListElement\" typeof=\"ListItem\"><a property=\"item\" typeof=\"WebPage\" title=\"Go to the %title% archives.\" href=\"%link%\" class=\"%type%\"><span property=\"name\">%htitle%<\/span><\/a><meta property=\"position\" content=\"%position%\"><\/span>","Htax_post_format_template_no_anchor":"<span property=\"itemListElement\" typeof=\"ListItem\"><span property=\"name\">%htitle%<\/span><meta property=\"position\" content=\"%position%\"><\/span>","Hauthor_template":"Articles by: <a title=\"Go to the first page of posts by %title%.\" href=\"%link%\" class=\"%type%\">%htitle%<\/a>","Hauthor_template_no_anchor":"Articles by: %htitle%","Sauthor_name":"display_name","Htax_category_template":"<span property=\"itemListElement\" typeof=\"ListItem\"><a property=\"item\" typeof=\"WebPage\" title=\"Go to the %title% category archives.\" href=\"%link%\" class=\"%type%\"><span property=\"name\">%htitle%<\/span><\/a><meta property=\"position\" content=\"%position%\"><\/span>","Htax_category_template_no_anchor":"<span property=\"itemListElement\" typeof=\"ListItem\"><span property=\"name\">%htitle%<\/span><meta property=\"position\" content=\"%position%\"><\/span>","Hdate_template":"<span property=\"itemListElement\" typeof=\"ListItem\"><a property=\"item\" typeof=\"WebPage\" title=\"Go to the %title% archives.\" href=\"%link%\" class=\"%type%\"><span property=\"name\">%htitle%<\/span><\/a><meta property=\"position\" content=\"%position%\"><\/span>","Hdate_template_no_anchor":"<span property=\"itemListElement\" typeof=\"ListItem\"><span property=\"name\">%htitle%<\/span><meta property=\"position\" content=\"%position%\"><\/span>","Hpost_stm_service_template":"<span property=\"itemListElement\" typeof=\"ListItem\"><a property=\"item\" typeof=\"WebPage\" title=\"Go to %title%.\" href=\"%link%\" class=\"%type%\"><span property=\"name\">%htitle%<\/span><\/a><meta property=\"position\" content=\"%position%\"><\/span>","Hpost_stm_service_template_no_anchor":"<span property=\"itemListElement\" typeof=\"ListItem\"><span property=\"name\">%htitle%<\/span><meta property=\"position\" content=\"%position%\"><\/span>","bpost_stm_service_archive_display":false,"apost_stm_service_root":558,"bpost_stm_service_taxonomy_display":false,"Spost_stm_service_taxonomy_type":"date","Hpost_stm_careers_template":"<span property=\"itemListElement\" typeof=\"ListItem\"><a property=\"item\" typeof=\"WebPage\" title=\"Go to %title%.\" href=\"%link%\" class=\"%type%\"><span property=\"name\">%htitle%<\/span><\/a><meta property=\"position\" content=\"%position%\"><\/span>","Hpost_stm_careers_template_no_anchor":"<span property=\"itemListElement\" typeof=\"ListItem\"><span property=\"name\">%htitle%<\/span><meta property=\"position\" content=\"%position%\"><\/span>","bpost_stm_careers_archive_display":false,"apost_stm_careers_root":408,"bpost_stm_careers_taxonomy_display":false,"Spost_stm_careers_taxonomy_type":"date","Hpost_stm_staff_template":"<span property=\"itemListElement\" typeof=\"ListItem\"><a property=\"item\" typeof=\"WebPage\" title=\"Go to %title%.\" href=\"%link%\" class=\"%type%\"><span property=\"name\">%htitle%<\/span><\/a><meta property=\"position\" content=\"%position%\"><\/span>","Hpost_stm_staff_template_no_anchor":"<span property=\"itemListElement\" typeof=\"ListItem\"><span property=\"name\">%htitle%<\/span><meta property=\"position\" content=\"%position%\"><\/span>","bpost_stm_staff_archive_display":false,"apost_stm_staff_root":462,"bpost_stm_staff_taxonomy_display":false,"Spost_stm_staff_taxonomy_type":"date","Hpost_stm_works_template":"<span property=\"itemListElement\" typeof=\"ListItem\"><a property=\"item\" typeof=\"WebPage\" title=\"Go to %title%.\" href=\"%link%\" class=\"%type%\"><span property=\"name\">%htitle%<\/span><\/a><meta property=\"position\" content=\"%position%\"><\/span>","Hpost_stm_works_template_no_anchor":"<span property=\"itemListElement\" typeof=\"ListItem\"><span property=\"name\">%htitle%<\/span><meta property=\"position\" content=\"%position%\"><\/span>","bpost_stm_works_archive_display":false,"apost_stm_works_root":601,"bpost_stm_works_taxonomy_display":false,"Spost_stm_works_taxonomy_type":"stm_works_category","Hpost_stm_testimonials_template":"<span property=\"itemListElement\" typeof=\"ListItem\"><a property=\"item\" typeof=\"WebPage\" title=\"Go to %title%.\" href=\"%link%\" class=\"%type%\"><span property=\"name\">%htitle%<\/span><\/a><meta property=\"position\" content=\"%position%\"><\/span>","Hpost_stm_testimonials_template_no_anchor":"<span property=\"itemListElement\" typeof=\"ListItem\"><span property=\"name\">%htitle%<\/span><meta property=\"position\" content=\"%position%\"><\/span>","bpost_stm_testimonials_archive_display":true,"apost_stm_testimonials_root":0,"bpost_stm_testimonials_taxonomy_display":false,"Spost_stm_testimonials_taxonomy_type":"date","Hpost_stm_vc_sidebar_template":"<span property=\"itemListElement\" typeof=\"ListItem\"><a property=\"item\" typeof=\"WebPage\" title=\"Go to %title%.\" href=\"%link%\" class=\"%type%\"><span property=\"name\">%htitle%<\/span><\/a><meta property=\"position\" content=\"%position%\"><\/span>","Hpost_stm_vc_sidebar_template_no_anchor":"<span property=\"itemListElement\" typeof=\"ListItem\"><span property=\"name\">%htitle%<\/span><meta property=\"position\" content=\"%position%\"><\/span>","bpost_stm_vc_sidebar_archive_display":true,"apost_stm_vc_sidebar_root":0,"bpost_stm_vc_sidebar_taxonomy_display":false,"Spost_stm_vc_sidebar_taxonomy_type":"date","Hpost_product_template":"<span property=\"itemListElement\" typeof=\"ListItem\"><a property=\"item\" typeof=\"WebPage\" title=\"Go to %title%.\" href=\"%link%\" class=\"%type%\"><span property=\"name\">%htitle%<\/span><\/a><meta property=\"position\" content=\"%position%\"><\/span>","Hpost_product_template_no_anchor":"<span property=\"itemListElement\" typeof=\"ListItem\"><span property=\"name\">%htitle%<\/span><meta property=\"position\" content=\"%position%\"><\/span>","bpost_product_archive_display":true,"apost_product_root":0,"bpost_product_taxonomy_display":true,"Spost_product_taxonomy_type":"product_cat","Hpost_product_variation_template":"<span property=\"itemListElement\" typeof=\"ListItem\"><a property=\"item\" typeof=\"WebPage\" title=\"Go to %title%.\" href=\"%link%\" class=\"%type%\"><span property=\"name\">%htitle%<\/span><\/a><meta property=\"position\" content=\"%position%\"><\/span>","Hpost_product_variation_template_no_anchor":"<span property=\"itemListElement\" typeof=\"ListItem\"><span property=\"name\">%htitle%<\/span><meta property=\"position\" content=\"%position%\"><\/span>","bpost_product_variation_archive_display":false,"apost_product_variation_root":0,"bpost_product_variation_taxonomy_display":false,"Spost_product_variation_taxonomy_type":"product_shipping_class","Hpost_shop_order_template":"<span property=\"itemListElement\" typeof=\"ListItem\"><a property=\"item\" typeof=\"WebPage\" title=\"Go to %title%.\" href=\"%link%\" class=\"%type%\"><span property=\"name\">%htitle%<\/span><\/a><meta property=\"position\" content=\"%position%\"><\/span>","Hpost_shop_order_template_no_anchor":"<span property=\"itemListElement\" typeof=\"ListItem\"><span property=\"name\">%htitle%<\/span><meta property=\"position\" content=\"%position%\"><\/span>","bpost_shop_order_archive_display":false,"apost_shop_order_root":0,"bpost_shop_order_taxonomy_display":false,"Spost_shop_order_taxonomy_type":"date","Hpost_shop_order_refund_template":"<span property=\"itemListElement\" typeof=\"ListItem\"><a property=\"item\" typeof=\"WebPage\" title=\"Go to %title%.\" href=\"%link%\" class=\"%type%\"><span property=\"name\">%htitle%<\/span><\/a><meta property=\"position\" content=\"%position%\"><\/span>","Hpost_shop_order_refund_template_no_anchor":"<span property=\"itemListElement\" typeof=\"ListItem\"><span property=\"name\">%htitle%<\/span><meta property=\"position\" content=\"%position%\"><\/span>","bpost_shop_order_refund_archive_display":false,"apost_shop_order_refund_root":0,"bpost_shop_order_refund_taxonomy_display":false,"Spost_shop_order_refund_taxonomy_type":"date","Hpost_shop_coupon_template":"<span property=\"itemListElement\" typeof=\"ListItem\"><a property=\"item\" typeof=\"WebPage\" title=\"Go to %title%.\" href=\"%link%\" class=\"%type%\"><span property=\"name\">%htitle%<\/span><\/a><meta property=\"position\" content=\"%position%\"><\/span>","Hpost_shop_coupon_template_no_anchor":"<span property=\"itemListElement\" typeof=\"ListItem\"><span property=\"name\">%htitle%<\/span><meta property=\"position\" content=\"%position%\"><\/span>","bpost_shop_coupon_archive_display":false,"apost_shop_coupon_root":0,"bpost_shop_coupon_taxonomy_display":false,"Spost_shop_coupon_taxonomy_type":"date","Hpost_shop_webhook_template":"<span property=\"itemListElement\" typeof=\"ListItem\"><a property=\"item\" typeof=\"WebPage\" title=\"Go to %title%.\" href=\"%link%\" class=\"%type%\"><span property=\"name\">%htitle%<\/span><\/a><meta property=\"position\" content=\"%position%\"><\/span>","Hpost_shop_webhook_template_no_anchor":"<span property=\"itemListElement\" typeof=\"ListItem\"><span property=\"name\">%htitle%<\/span><meta property=\"position\" content=\"%position%\"><\/span>","bpost_shop_webhook_archive_display":false,"apost_shop_webhook_root":0,"bpost_shop_webhook_taxonomy_display":false,"Spost_shop_webhook_taxonomy_type":"date","Hpost_wpcf7_contact_form_template":"<span property=\"itemListElement\" typeof=\"ListItem\"><a property=\"item\" typeof=\"WebPage\" title=\"Go to %title%.\" href=\"%link%\" class=\"%type%\"><span property=\"name\">%htitle%<\/span><\/a><meta property=\"position\" content=\"%position%\"><\/span>","Hpost_wpcf7_contact_form_template_no_anchor":"<span property=\"itemListElement\" typeof=\"ListItem\"><span property=\"name\">%htitle%<\/span><meta property=\"position\" content=\"%position%\"><\/span>","bpost_wpcf7_contact_form_archive_display":false,"apost_wpcf7_contact_form_root":0,"bpost_wpcf7_contact_form_taxonomy_display":false,"Spost_wpcf7_contact_form_taxonomy_type":"date","Hpost_vc_grid_item_template":"<span property=\"itemListElement\" typeof=\"ListItem\"><a property=\"item\" typeof=\"WebPage\" title=\"Go to %title%.\" href=\"%link%\" class=\"%type%\"><span property=\"name\">%htitle%<\/span><\/a><meta property=\"position\" content=\"%position%\"><\/span>","Hpost_vc_grid_item_template_no_anchor":"<span property=\"itemListElement\" typeof=\"ListItem\"><span property=\"name\">%htitle%<\/span><meta property=\"position\" content=\"%position%\"><\/span>","bpost_vc_grid_item_archive_display":false,"apost_vc_grid_item_root":0,"bpost_vc_grid_item_taxonomy_display":false,"Spost_vc_grid_item_taxonomy_type":"date","Hpost_mc4wp-form_template":"<span property=\"itemListElement\" typeof=\"ListItem\"><a property=\"item\" typeof=\"WebPage\" title=\"Go to %title%.\" href=\"%link%\" class=\"%type%\"><span property=\"name\">%htitle%<\/span><\/a><meta property=\"position\" content=\"%position%\"><\/span>","Hpost_mc4wp-form_template_no_anchor":"<span property=\"itemListElement\" typeof=\"ListItem\"><span property=\"name\">%htitle%<\/span><meta property=\"position\" content=\"%position%\"><\/span>","bpost_mc4wp-form_archive_display":false,"apost_mc4wp-form_root":0,"bpost_mc4wp-form_taxonomy_display":false,"Spost_mc4wp-form_taxonomy_type":"date","Htax_stm_testimonials_category_template":"<span property=\"itemListElement\" typeof=\"ListItem\"><a property=\"item\" typeof=\"WebPage\" title=\"Go to the %title% Categories archives.\" href=\"%link%\" class=\"%type%\"><span property=\"name\">%htitle%<\/span><\/a><meta property=\"position\" content=\"%position%\"><\/span>","Htax_stm_testimonials_category_template_no_anchor":"<span property=\"itemListElement\" typeof=\"ListItem\"><span property=\"name\">%htitle%<\/span><meta property=\"position\" content=\"%position%\"><\/span>","Htax_stm_works_category_template":"<span property=\"itemListElement\" typeof=\"ListItem\"><a property=\"item\" typeof=\"WebPage\" title=\"Go to the %title% Categories archives.\" href=\"%link%\" class=\"%type%\"><span property=\"name\">%htitle%<\/span><\/a><meta property=\"position\" content=\"%position%\"><\/span>","Htax_stm_works_category_template_no_anchor":"<span property=\"itemListElement\" typeof=\"ListItem\"><span property=\"name\">%htitle%<\/span><meta property=\"position\" content=\"%position%\"><\/span>","Htax_product_type_template":"<span property=\"itemListElement\" typeof=\"ListItem\"><a property=\"item\" typeof=\"WebPage\" title=\"Go to the %title% Tag archives.\" href=\"%link%\" class=\"%type%\"><span property=\"name\">%htitle%<\/span><\/a><meta property=\"position\" content=\"%position%\"><\/span>","Htax_product_type_template_no_anchor":"<span property=\"itemListElement\" typeof=\"ListItem\"><span property=\"name\">%htitle%<\/span><meta property=\"position\" content=\"%position%\"><\/span>","Htax_product_cat_template":"<span property=\"itemListElement\" typeof=\"ListItem\"><a property=\"item\" typeof=\"WebPage\" title=\"Go to the %title% Product Category archives.\" href=\"%link%\" class=\"%type%\"><span property=\"name\">%htitle%<\/span><\/a><meta property=\"position\" content=\"%position%\"><\/span>","Htax_product_cat_template_no_anchor":"<span property=\"itemListElement\" typeof=\"ListItem\"><span property=\"name\">%htitle%<\/span><meta property=\"position\" content=\"%position%\"><\/span>","Htax_product_tag_template":"<span property=\"itemListElement\" typeof=\"ListItem\"><a property=\"item\" typeof=\"WebPage\" title=\"Go to the %title% Product Tag archives.\" href=\"%link%\" class=\"%type%\"><span property=\"name\">%htitle%<\/span><\/a><meta property=\"position\" content=\"%position%\"><\/span>","Htax_product_tag_template_no_anchor":"<span property=\"itemListElement\" typeof=\"ListItem\"><span property=\"name\">%htitle%<\/span><meta property=\"position\" content=\"%position%\"><\/span>","Htax_product_shipping_class_template":"<span property=\"itemListElement\" typeof=\"ListItem\"><a property=\"item\" typeof=\"WebPage\" title=\"Go to the %title% Shipping Class archives.\" href=\"%link%\" class=\"%type%\"><span property=\"name\">%htitle%<\/span><\/a><meta property=\"position\" content=\"%position%\"><\/span>","Htax_product_shipping_class_template_no_anchor":"<span property=\"itemListElement\" typeof=\"ListItem\"><span property=\"name\">%htitle%<\/span><meta property=\"position\" content=\"%position%\"><\/span>","Htax_pa_color_template":"<span property=\"itemListElement\" typeof=\"ListItem\"><a property=\"item\" typeof=\"WebPage\" title=\"Go to the %title% color archives.\" href=\"%link%\" class=\"%type%\"><span property=\"name\">%htitle%<\/span><\/a><meta property=\"position\" content=\"%position%\"><\/span>","Htax_pa_color_template_no_anchor":"<span property=\"itemListElement\" typeof=\"ListItem\"><span property=\"name\">%htitle%<\/span><meta property=\"position\" content=\"%position%\"><\/span>","Hpost_stm_partners_template":"<span property=\"itemListElement\" typeof=\"ListItem\"><a property=\"item\" typeof=\"WebPage\" title=\"Go to %title%.\" href=\"%link%\" class=\"%type%\"><span property=\"name\">%htitle%<\/span><\/a><meta property=\"position\" content=\"%position%\"><\/span>","Hpost_stm_partners_template_no_anchor":"<span property=\"itemListElement\" typeof=\"ListItem\"><span property=\"name\">%htitle%<\/span><meta property=\"position\" content=\"%position%\"><\/span>","bpost_stm_partners_archive_display":false,"apost_stm_partners_root":0,"bpost_stm_partners_taxonomy_display":false,"Spost_stm_partners_taxonomy_type":"date"},"addtoany_options":{"position":"bottom","display_in_posts_on_front_page":"-1","display_in_posts_on_archive_pages":"-1","display_in_excerpts":"-1","display_in_posts":"-1","display_in_pages":"-1","display_in_feed":"-1","show_title":"-1","onclick":"-1","icon_size":"20","button":"A2A_SVG_32","button_custom":"","button_show_count":"-1","header":"","additional_js_variables":"","additional_css":"","custom_icons":"-1","custom_icons_url":"\/","custom_icons_type":"png","inline_css":"1","cache":"-1","display_in_cpt_stm_partners":"-1","display_in_cpt_stm_careers":"-1","display_in_cpt_stm_staff":"-1","display_in_cpt_stm_testimonials":"-1","display_in_cpt_stm_vc_sidebar":"-1","button_text":"Share","special_facebook_options":{"show_count":"-1"},"active_services":["facebook","twitter","google_plus"],"special_facebook_like_options":{"verb":"like"},"special_twitter_tweet_options":{"show_count":"-1"},"special_google_plusone_options":{"show_count":"-1"},"special_google_plus_share_options":{"show_count":"-1"},"special_pinterest_pin_options":{"show_count":"-1"},"display_in_cpt_stm_service":"-1","display_in_cpt_stm_works":"-1","display_in_cpt_product":"-1"}}